Category,Subcategory
Acceptance,Acceptance
Actions and consequences,Actions and consequences
Activism,Activism
Adaptation,Adaptation
Adulthood,Adulthood
Advocacy,Advocacy
Aging,Aging
Affection,Affection
Animal sounds,Animal sounds
Anthropomorphizing,Anthropomorphizing
Beauty standards,Beauty standards
Being different,Being different
Biological sex,Biological sex
Body,Body
Body,Bodily autonomy
Body,Consent
Body,Gestures
Body,Image
Body,Language
Body,Parts
Body,Positivity
Body,Shapes and sizes
Borders,Borders
Bravery,Bravery
Breaking norms,Breaking norms
Categories,Categories
Celebration,Celebration
Celebration,Birthday
Celebration,Diwali
Celebration,First Thanksgiving
Celebration,Party
Celebration,Holidays
Challenges in a new place,Challenges in a new place
Change,Change
Changing perspective,Changing perspective
Childhood,Childhood
Cognition,Cognition
Cognition,Attention
Cognition,Awareness
Cognition,Cause and effect
Cognition,Cognitive development
Cognition,Cognitive dissonance
Cognition,Cognitive flexibility
Cognition,Cognitive reframing
Cognition,Creative thinking
Cognition,Critical thinking
Cognition,Deeper processing
Cognition,Delayed gratification
Cognition,Embodied cognition
Cognition,Executive function
Cognition,Functional fixedness
Cognition,Inattention
Cognition,Intuition
Cognition,Learning
Cognition,Magnification
Cognition,Making decisions
Cognition,Mindfulness
Cognition,Problem-solving
Cognition,Reasoning and decision making skills
Cognition,Rehearsal
Cognition,Solutions
Cognition,Stages of consciousness
Cognition,Theory of mind
Comfort,Comfort
Community,Community
Community support,Community support
Comparison,Comparison
Competition,Competition
Conflict,Conflict
Conformity,Conformity
Contrast,Contrast
Creativity,Creativity
Culture,Cultre
Culture,Activities
Culture,Beliefs
Culture,Competence
Culture,Customs
Culture,Differences
Culture,Food
Culture,Heritage
Culture,History
Culture,Identity
Culture,Indigenous Nations’
Culture,Memory
Culture,Pride
Culture,Sense of culture
Culture,Similarities
Culture,Traditions
Culture,Values
Denial,Denial
Discontinuous development,Discontinuous development
Different perspectives,Different perspectives
Challenging stereotypes,Challenging stereotypes
Colonization,Colonization
Discrimination,Discrimination
Divorce,Divorce
Genocide,Genocide
Patriarchy,Prejudices
Racial discrimination,Racial discrimination
Racism,Racism
Sexual discrimination,Sexual discrimination
Slavery,Slavery
Stereotypes,Stereotypes
Talking about difficult topics,Talking about difficult topics
Xenophobia,Xenophobia
(Dis)ability,(Dis)ability
(Dis)ability,ADHD
(Dis)ability,Americans With Disabilities Act
(Dis)ability,Autism
(Dis)ability,Blindness
(Dis)ability,Cerebral palsy
(Dis)ability,Deafness
(Dis)ability,Diversity
(Dis)ability,Down syndrome
(Dis)ability,Dyslexia
(Dis)ability,Hearing aids
(Dis)ability,Language impairments
(Dis)ability,Limb differences
(Dis)ability,Nonverbal child and family
(Dis)ability,Prosthetics
(Dis)ability,Wheelchairs
Diversity,Diversity
Diverse main character,Diverse main character
Dreams,Dreams
Education,Education
Egocentrism,Egocentrism
Elaboration,Elaboration
Embracing differences,Embracing differences
Emotions,Emotions
Emotions,Anger
Emotions,Anxiety
Emotions,Boredom
Emotions,Confusion
Emotions,Curiosity
Emotions,Embarrassment
Emotions,Emotional expression
Emotions,Emotional regulation
Emotions,Empathy
Emotions,Envy
Emotions,Fear
Emotions,Frustration
Emotions,Gratitude
Emotions,Guilt
Emotions,Homesickness
Emotions,Identifying emotions
Emotions,Loneliness
Emotions,Managing emotions
Emotions,Optimism
Emotions,Pride
Emotions,Recognition of
Emotions,Regulation of
Emotions,Sadness
Emotions,Separation anxiety
Emotions,Shame
Emotions,Worrying what others think
Empowerment,Empowerment
Equality,Equality
Ethnic diversity,Ethnic diversity
Family,Family
Family,Activities
Family,Adoption
Family,Authoritarian parenting
Family,Blended
Family,Caring for each other
Family,Chosen family
Family,Connection
Family,Different types of families
Family,Dynamics
Family,Extended family
Family,Found
Family,Functions
Family,Generations
Family,History
Family,Honoring elders
Family,Interactions
Family,Love
Family,Military families
Family,New baby
Family,New siblings
Family,Parent-child relationships
Family,Parenting styles
Family,Parents protecting children
Family,Pride
Family,Relationships
Family,Sibling relationships
Family,Structures
Family,Time
Family,Traditions
Female empowerment,Female empowerment
Feminism,Feminism
First day of school,First day of school
First Nation,First Nation
Following directions,Following directions
Function of the skin,Function of the skin
Fundamental attribution error,Fundamental attribution error
Gay marriage,Gay marriage
Gender,Gender
Gender,Assignment
Gender,Breaking norms
Gender,Breaking the binary
Gender,Constancy
Gender,Diversity
Gender,Dysphoria
Gender,Expectations
Gender,Expression
Gender,Fluidity
Gender,Identity
Gender,Inclusive pronouns
Gender,Nonconformity
Gender,Norms
Gender,Pronoun diversity
Gender,Pronouns
Gender,Pronouns changing over time
Gender,Roles
Gender,Specific activities
Gender,Spectrum
Gender,Stereotypes
Gender,Transgender
Gender,Transition
Gender,Transgender child
Gestures,Gestures
Getting organized,Getting organized
Good vs. evil,Good vs. evil
Growing cycle,Growing cycle
Growing up,Growing up
Growth,Growth
Have to use pictures to decipher meaning,Have to use pictures to decipher meaning
Heroism,Heroism
Holding a grudge,Holding a grudge
Home,Home
Honoring traditions,Honoring traditions
Humor,Humor
Hope,Hope
Ideas,Ideas
Identity,Identity
Identity,LGBTQ
Identity,Diabetes
Identity,Asthma
Identity,Children who are blind
Identity,Service animals
Identity,Stutter
Identity,Tourette syndrome
Identity,Food allergy
Identity,Sexuality/Sexual identity
Identity,Faith
Identity,Religion
Identity,Speech disorders
Identity,Assistive devices
Identity crisis,Identity crisis
Imagination,Imagination
Imitating instrument sounds,Imitating instrument sounds
Immigration,Immigration
Includes additional resources,Includes additional resources
Indigenous people,Indigenous people
Individual differences,Individual differences
Individual strengths,Individual strengths
Inhibition,Inhibition
Inner beauty,Inner beauty
Inner strength,Inner strength
Inspiration,Inspiration
Interesting mix of words and pictures,Interesting mix of words and pictures
Internal motivation to learn,Internal motivation to learn
Intersectionality,Intersectionality
Introduces new concept,Introduces new concept
It's okay to make mistakes,It's okay to make mistakes
Knowledge,Knowledge
Labels,Labels
Language,Language
Language,Adjectives
Language,Almost every word has two 'oo's
Language,Alternative rhyme scheme
Language,Alliteration
Language,Alphabet
Language,Bilingual speaking
Language,Communication
Language,Definitions
Language,Descriptive
Language,Development
Language,Differences
Language,Disappearing 'R'
Language,Glossary
Language,Helpful for teaching spelling
Language,Learning the alphabet
Language,Literal vs. figurative language
Language,Meaning
Language,Metaphors
Language,Minimal but repetitive text
Language,Minimal pairs
Language,Phonemes
Language,Pronunciation guide
Language,Repetition
Language,Rhyming
Language,Rhythmic phrases
Language,Semantic development
Language,Sign language
Language,Silly sounds
Language,Similes
Language,Sophisticated vocabulary
Language,Sound effects
Language,Sounds and spelling
Language,Spoonerism
Language,Upper vs. lowercase letters
Language,Use of colors and font size to emphasize words
Language,Useful for speech pathologist
Language,Word learning
Language,Word play
Language,Word search
Language,Word segmentation
Language,Verbs
Language,Visual and contextual word learning
Language,Word object associations
Leaving comfort zone,Leaving comfort zone
Legacy,Legacy
Life skills,Life skills
Listening,Listening
Literal and concrete thinking style,Literal and concrete thinking style
Major life events,Major life events
Majority of characters are white,Majority of characters are white
Manners,Manners
Masculinity,Masculinity
Maslow’s hierarchy of needs,Maslow’s hierarchy of needs
Matching,Matching
Math,Math
Math,Basic math
Math,Counting
Math,Doubling
Math,Economics
Math,Large number comprehension
Math,Numbers
Math,Number concepts
Meaning,Meaning
Memory,Episodic memory
Memory,Memory loss
Military,Military
Moral development,Moral development
Moral-reasoning,Moral-reasoning
Motivation,Motivation
Moving,Moving
Multiculturalism,Multiculturalism
Multilingual text,Multilingual text
Multilingual text,Code-switching
Multilingual text,"Mandarin Chinese, Taiwanese Hokkien, and English"
Multilingual text,Mandarin Chinese tones with comparable English examples
Multilingual text,Spanish and English
Multilingual text,Yiddish
Multiple aspects of identity,Multiple aspects of identity
Multiple meanings,Multiple meanings
Music,Music
Names have meaning,Names have meaning
Naming,Naming
Not finishing what you start,Not finishing what you start
Object permanence,Object permanence
Observational learning,Observational learning
Oral storytelling,Oral storytelling
Outer beauty,Outer beauty
Parental guide,Parental guide
Parody,Parody
Patience,Patience
Paying it forward,Paying it forward
People are multifaceted,People are multifaceted
Perception,Perception
Perception,Bold colors
Perception,Changing light
Perception,Color
Perception,Common region
Perception,Continuity
Perception,Depth perception
Perception,Engaging multiple senses
Perception,Figure-ground segregation
Perception,Gestalt principles
Perception,Grouping
Perception,Hearing
Perception,Light
Perception,Motion
Perception,Ponzo illusion
Perception,Proximity
Perception,Relative size
Perception,Scene perception
Perception,Shadow
Perception,Similarity
Perception,Spotlight effect
Perception,Tactile sensations
Perception,Texture
Perception,Texture gradient
Perception,Vision
Perception,Visual attention
Perception,Use of color
Perfectionism,Perfectionism
Persistence,Persistence
Personal history,Personal history
Personal style,Personal style
Perspective,Perspective
Perspective-taking,Perspective-taking
Picky eaters,Picky eaters
Pictures without words,Pictures without words
Playing to your strengths,Playing to your strengths
Positive psychology,Positive psychology
Positive reinforcement,Positive reinforcement
Power of knowledge,Power of knowledge
Practice,Practice
Preoperational stage,Preoperational stage
Pride in name,Pride in name
Process of solving a mystery,Process of solving a mystery
Promotes diversity,Promotes diversity
Psychological condition,Psychological condition
Puberty,Puberty
Punctuation marks,Punctuation marks
Punishment,Punishment
Race,Race
Racial diversity,Racial diversity
Racial style,Racial style
Relations of elements to each other,Relations of elements to each other
Relationship changes with time,Relationship changes with time
Religious diversity,Religious diversity
Religious references,Religious references
Resilience,Resilience
Resolution,Resolution
Responsibility,Responsibility
Rhythm,Rhythm
Rituals,Rituals
Routine fixedness,Routine fixedness
Routines,Routines
Safety,Safety
Science behind light,Science behind light
Search strategies,Search strategies
Seasonal activities,Seasonal activities
Seasons,Seasons
Self-acceptance,Self-acceptance
Self-concept,Self-concept
Self-confidence,Self-confidence
Self-esteem,Self-esteem
Self-expression,Self-expression
Self-identity,Self-identity
Self-love,Self-love
Self-perception,Self-perception
Selfishness,Selfishness
Sensory processing challenges,Sensory processing challenges
Sex roles,Sex roles
Sex-typing,Sex-typing
Sexual attraction spectrum,Sexual attraction spectrum
Shapes,Shapes
Skills,Skills
Skin pigmentation,Skin pigmentation
Skin tone,Skin tone
Sleep,Sleep
Social,Social
Social,Attachment
Social,Belonging
Social,Bullying
Social,Communication
Social,Communication difficulties
Social,Connection
Social,Cooperation
Social,Deindividuation
Social,Developing positive relationships with others
Social,Exclusion
Social,Feeling left out
Social,Finding your place
Social,Finding your voice
Social,Friendship
Social,Helping others
Social,Inclusivity
Social,Insecure attachment
Social,Isolation
Social,Kindness
Social,Learning to say no
Social,Love
Social,Love languages
Social,Making friends
Social,Multiple types of communication
Social,New relationships
Social,Not wanting to hurt other people's feelings
Social,Peer relationships
Social,Popularity
Social,Realizing others have fear
Social,Relationships
Social,Social identity theory
Social,Social justice
Social,Social routines
Social,Social skills
Social,Social support
Social,Sharing
Social,Sharing knowledge
Social,Showing love without using words
Social,Shy child
Social,Socialization
Social,Speaking up yourself and others
Social,Standing up for yourself and others
Social,Staying connected
Social,Taking care of people
Social,Taking turns
Social,Unconditional love
Social,Understanding your place
Social,What brings friends together and separates them
Social,Withdrawn rejected child category
Socio communicative challenges,Socio communicative challenges
Sociocultural differences,Sociocultural differences
Sociocultural expectations,Sociocultural expectations
Sociocultural perspective,Sociocultural perspective
Sometimes imperfect is just right,Sometimes imperfect is just right
Stages of life,Stages of life
Starting school,Starting school
Storytelling,Storytelling
Support,Support
Synesthesia,Synesthesia
Taking care of shared space,Taking care of shared space
Teachers’ impact on students' lives,Teachers’ impact on students' lives
Teaches children to find ways to shine during difficult times,Teaches children to find ways to shine during difficult times
Teaching children animal sounds,Teaching children animal sounds
Time,Time
Tolerance,Tolerance
Traditions,Traditions
Trauma,Trauma
Tutorial on manners,Tutorial on manners
Two houses but same activities,Two houses but same activities
Understanding,Understanding
Uniqueness,Uniqueness
Values,Values
We're different but the same,We're different but the same
Women in nontraditional jobs,Women in nontraditional jobs
You know best,You know best
Zone of proximal development,Zone of proximal development
Language learning,Language learning
Grief,Grief
5 senses,5 senses
Bottom-up processing,Bottom-up processing
Top-down processing,Top-down processing
Heteronormativity,Heteronormativity
Social norms,Social norms
Active learning,Active learning
Ancestors,Ancestors
Sentence types,Sentence types
Simplicity,Simplicity
Wisdom,Wisdom
Privilege,Privilege
Linguistic relativity,Linguistic relativity
Simplicity,Simplicity
Procedural memory,Procedural memory
Play,Play
Patterns,Patterns
Admiration,Admiration
Excitement,Excitement
Coping mechanisms,Coping mechanisms
Role-playing,Role-playing
Developmental stages,Developmental stages
WH questions,WH questions
Braille,Braille
Language preservation,Language preservation
Language disappearance,Language disappearance
